,Gold,PPLT,SLV
0,97.878336,135.449997,27.07
1,98.729281,137.820007,26.940001
2,104.714928,141.529999,28.83
3,104.569878,140.539993,28.389999
4,104.695584,139.830002,28.51
5,103.583556,138.559998,27.91
6,104.067049,141.160004,28.129999
7,107.306451,144.619995,29.049999
8,105.295118,147.570007,29.139999
9,107.200082,147.979996,29.309999
10,105.237101,147.199997,28.82
11,106.020358,150.320007,29.190001
12,107.857633,150.539993,29.65
13,106.223424,150.309998,29.74
14,105.527193,151.690002,31.219999
15,106.474842,154.479996,31.389999
16,103.757614,152.880005,31.08
17,107.161401,156.410004,32.369999
18,108.244429,159.020004,32.43
19,110.468492,160.149994,32.959999
20,109.675564,159.100006,32.529999
21,110.632886,156.860001,32.279999
22,111.048682,159.740005,32.77
23,113.108368,160.779999,33.360001
24,112.334776,160.009995,32.689999
25,114.114034,160.600006,32.68
26,110.816608,163.050003,33.259998
27,110.777928,164.5,33.040001
28,110.671558,163.449997,32.900002
29,108.853627,163.800003,32.509998
30,109.192071,162.929993,32.75
31,108.563528,160.990005,32.540001
32,107.683575,161.339996,32.450001
33,107.702911,160.369995,32.57
34,107.383812,161.119995,32.279999
35,109.327448,166.539993,33.380001
36,110.951985,170.300003,33.439999
37,113.021335,170.320007,34.400002
38,111.909307,169.059998,34.369999
39,111.068026,168.490005,34.360001
40,113.533844,169.740005,35.830002
41,110.942321,165.619995,33.549999
42,112.151053,167.919998,34.439999
43,110.255754,167.419998,33.759998
44,107.499845,163.660004,33.029999
45,104.898658,159.339996,32.009998
46,105.691586,160.940002,32.41
47,107.973674,163.559998,32.849998
48,108.698913,166.300003,33.220001
49,107.702911,167.179993,32.630001
50,106.968007,166.520004,32.259998
51,103.148408,164.830002,31.27
52,100.576228,165.899994,31.530001
53,98.139419,164.979996,31.59
54,98.603576,165.779999,31.98
55,98.971028,163.149994,31.15
56,99.986366,161.679993,31.209999
57,87.608941,159.740005,30.540001
58,88.305172,160.440002,31.24
59,88.595271,162.630005,31.940001
60,86.313183,163.149994,31.59
61,84.089112,161.350006,31.15
62,84.940057,160.570007,31.35
63,85.075442,161.720001,31.379999
64,83.479913,162.970001,32.049999
65,80.84971,162.039993,31.65
66,78.625639,157.75,30.33
67,78.751352,158.179993,30.719999
68,85.965068,159.039993,30.59
69,84.84336,157.5,30.790001
70,82.474247,156.089996,30.65
71,87.13512,158.070007,31.42
72,86.100445,156.139999,30.549999
73,83.924726,155.339996,30.559999
74,84.214818,156.139999,30.799999
75,84.321187,155.339996,30.639999
76,84.388875,155.679993,30.799999
77,84.253498,155.820007,30.75
78,81.739336,153.729996,29.969999
79,82.058443,152.360001,29.93
80,85.297845,153.259995,29.860001
81,88.005409,154.619995,30.18
82,88.382533,155.059998,30.370001
83,86.206814,154.550003,30.110001
84,84.466236,154.979996,30.059999
85,83.470242,154.100006,29.780001
86,79.186493,151.029999,29.290001
87,78.92541,150.639999,29.41
88,78.248515,150.699997,29.209999
89,75.047793,149.059998,28.65
90,75.134819,147.679993,28.379999
91,75.494451,146.589996,28.25
92,74.571064,144.429993,28.08
93,72.588204,141.839996,27.42
94,71.081617,141.25,26.860001
95,71.956409,140.960007,26.370001
96,74.405828,143.100006,27.24
97,74.308623,143.419998,27.790001
98,77.399551,144.979996,27.68
99,75.475015,142.589996,27.34
100,77.46759,140.5,27.049999
101,78.488182,139.880005,27.440001
102,78.692299,141.070007,27.620001
103,78.536784,140.699997,27.1
104,78.157709,138.220001,27.120001
105,77.127395,139.539993,26.959999
106,84.815838,142.169998,27.620001
107,85.661465,141.160004,27.459999
108,86.14746,141.839996,27.719999
109,88.95651,144.270004,28.51
110,84.670038,142.119995,27.790001
111,85.136589,141.330002,27.75
112,84.738077,142.490005,27.790001
113,87.265249,143.529999,28.120001
114,88.003964,144.289993,28.01
115,89.413346,147.419998,27.82
116,90.103458,146.389999,27.809999
117,91.765567,146.309998,27.870001
118,91.785004,145.919998,27.639999
119,91.629482,143.440002,27.26
120,86.419623,141.679993,26.120001
121,86.934776,141.419998,26.15
122,87.615166,141.880005,26.709999
123,87.372169,140.589996,26.299999
124,86.769532,138.880005,26.129999
125,84.708919,136.789993,25.629999
126,87.48881,142.660004,26.65
127,88.285842,143.339996,26.73
128,91.075448,146.460007,27.49
129,89.996539,145.139999,26.879999
130,88.655195,142.089996,26.299999
131,88.315,142.199997,26.540001
132,87.372169,140.199997,26.059999
133,87.372169,140.419998,26.25
134,87.15833,139.539993,26.35
135,87.877608,140.699997,26.440001
136,87.780403,139.679993,26.49
137,86.536257,139.360001,26.469999
138,85.573989,138.869995,26.42
139,85.36015,139.779999,26.42
140,83.775809,139.380005,26.48
141,81.608269,137.929993,26.209999
142,81.384715,136.5,26.219999
143,85.233794,137.779999,26.530001
144,86.740374,138.410004,26.709999
145,88.791273,139.020004,26.959999
146,89.325871,139.5,27.360001
147,86.973657,139.460007,27.120001
148,86.351576,137.740005,26.540001
149,86.798698,136.369995,26.309999
150,88.091439,138.070007,26.959999
151,90.424216,138.210007,27.110001
152,92.630638,138.910004,27.27
153,92.066882,138.839996,27.209999
154,95.527163,139.199997,27.290001
155,96.625517,137.979996,27.26
156,95.148088,136.559998,26.92
157,94.088622,137.440002,26.959999
158,93.981703,137.309998,26.969999
159,95.293888,142.139999,27.370001
160,94.769012,145.279999,27.23
161,94.642656,146.979996,27.950001
162,94.798171,148.300003,28.370001
163,96.052039,151.360001,28.92
164,97.71414,151.600006,29.6
165,97.889099,152.419998,29.74
166,97.024029,151.779999,29.74
167,96.207561,149.300003,29.93
168,95.186968,149.199997,29.75
169,95.216127,148.509995,29.440001
170,100.085798,151.520004,30.790001
171,98.812494,154.339996,31.360001
172,99.522042,154.580002,31.27
173,105.655296,155.949997,31.67
174,108.347712,156.809998,32.639999
175,107.32712,156.559998,32.290001
176,107.142447,157.889999,32.41
177,107.492356,162.339996,32.209999
178,111.14704,165.660004,33.610001
179,116.969257,167.990005,33.599998
180,118.009294,163.699997,32.990002
181,117.396935,159.820007,33.709999
182,118.125928,161.179993,33.57
183,116.716545,159.910004,33.580002
184,120.390666,160.830002,33.48
185,117.367777,159.639999,32.93
186,114.869763,160.119995,32.68
187,115.977831,160.679993,32.869999
188,119.68111,162.330002,33.580002
189,119.554754,163.380005,33.48
190,123.326072,165.289993,33.650002
191,120.69198,165.070007,33.5
192,119.068759,166.160004,33.509998
193,121.868087,169.220001,33.93
194,121.216856,167.589996,33.450001
195,120.896097,166.539993,32.970001
196,118.631367,166.020004,32.830002
197,118.271728,164.5,32.950001
198,118.85492,165.199997,32.900002
199,117.824613,162.509995,32.450001
200,118.602201,161.149994,31.66
201,120.361507,161.759995,31.93
202,121.479297,163.779999,32.119999
203,116.551309,161.199997,31.73
204,117.173382,159.190002,31.1
205,119.185401,158.080002,31.389999
206,114.315729,154.490005,30.68
207,113.81029,153.020004,30.709999
208,116.04587,154.179993,31.120001
209,114.675368,152.080002,31.08
210,116.240265,154.449997,31.27
211,116.172226,154.330002,31.219999
212,113.392342,151.899994,29.950001
213,113.985249,151.809998,30.17
214,118.057889,152.759995,31.01
215,111.185921,151.509995,30.83
216,111.778835,152.059998,31.379999
217,109.193338,153.169998,31.540001
218,106.228774,153.889999,31.370001
219,105.149864,155.699997,31.4
220,98.11266,156.020004,31.639999
221,99.074928,154.330002,31.530001
222,98.919406,153.059998,31.209999
223,103.740482,155.25,32.049999
224,102.46717,154.690002,32.110001
225,101.679861,155.259995,32.290001
226,104.381992,159.630005,32.98
227,102.943451,158.679993,33.02
228,101.018907,158.490005,32.93
229,102.787929,157.839996,32.619999
230,103.604397,158.300003,33.130001
231,104.352833,157.440002,32.360001
232,102.476892,157.990005,32.52
233,101.436863,155.990005,31.9
234,99.871959,155.600006,31.82
235,99.395686,157.179993,31.93
236,99.463725,158.039993,32.029999
237,99.76504,159.520004,32.139999
238,98.559774,160.729996,31.91
239,100.241313,160.610001,32.369999
240,97.043465,158.699997,31.530001
241,96.858792,159.0,31.17
242,97.276748,158.020004,31.200001
243,96.887951,156.710007,30.65
244,95.87708,156.279999,30.110001
245,95.73128,152.399994,29.0
246,96.674112,151.339996,29.0
247,96.314473,150.860001,28.940001
248,95.507727,151.080002,29.01
249,94.992573,150.789993,29.24
250,93.622064,149.529999,29.1
251,96.431114,151.360001,29.370001
252,97.908543,153.699997,29.92
253,95.060612,153.639999,29.18
254,93.145791,153.5,29.24
255,91.464245,152.860001,29.18
256,90.560294,155.350006,29.379999
257,91.454523,157.259995,29.35
258,93.865061,159.860001,29.780001
259,92.513996,160.179993,29.48
260,91.299009,162.990005,30.040001
261,91.512848,165.479996,30.360001
262,90.900489,165.639999,30.450001
263,90.268702,166.360001,30.67
264,89.685502,163.639999,30.809999
265,94.603776,166.539993,31.120001
266,93.563747,165.830002,31.190001
267,93.417947,165.259995,30.65
268,92.115477,166.550003,30.209999
269,91.308731,163.380005,29.85
270,92.825033,164.820007,30.32
271,92.232118,165.470001,30.92
272,91.52257,164.899994,30.440001
273,92.970833,165.679993,30.780001
274,95.634083,166.619995,30.690001
275,93.9331,167.860001,30.76
276,94.234415,170.580002,30.809999
277,92.49456,168.880005,30.459999
278,91.571165,168.529999,30.43
279,89.082873,165.889999,30.0
280,88.315,168.679993,30.09
281,88.149764,169.039993,29.77
282,86.963935,167.960007,29.459999
283,83.484209,164.619995,28.83
284,83.396734,166.059998,28.450001
285,79.897564,161.619995,27.59
286,79.848969,158.399994,27.73
287,79.576813,157.929993,27.83
288,80.325242,157.440002,28.07
289,83.153736,159.169998,28.41
290,82.035947,157.100006,28.01
291,80.548803,155.509995,27.540001
292,79.139413,154.5,27.620001
293,78.322946,154.020004,27.6
294,79.197738,155.899994,27.75
295,82.055383,155.699997,28.1
296,79.994769,156.309998,27.91
297,78.672862,157.339996,28.01
298,78.91586,157.279999,28.02
299,80.354401,156.660004,28.200001
300,79.508774,156.020004,27.940001
301,80.811237,156.070007,27.799999
302,80.062808,156.160004,27.799999
303,80.655723,155.0,27.950001
304,80.723762,153.059998,27.93
305,80.733476,154.779999,27.809999
306,83.144014,155.059998,28.18
307,83.318973,155.339996,27.75
308,81.919305,155.520004,27.84
309,82.201183,154.399994,27.75
310,83.911887,155.360001,27.73
311,83.571692,154.229996,27.42
312,82.667741,156.449997,27.09
313,80.616842,154.339996,26.35
314,77.380114,151.199997,26.09
315,78.070226,149.309998,25.99
316,78.818655,150.550003,26.389999
317,78.254907,150.479996,26.32
318,80.684881,152.080002,27.030001
319,79.110255,149.800003,26.68
320,76.894119,150.460007,26.700001
321,73.161674,146.160004,25.280001
322,67.106182,137.619995,22.09
323,68.360049,142.130005,22.67
324,65.016402,139.679993,22.440001
325,68.301725,140.0,22.4
326,69.555593,139.979996,22.4
327,72.89924,140.679993,22.620001
328,72.082772,138.770004,22.18
329,77.94387,140.380005,22.42
330,79.013057,143.740005,23.49
331,77.710587,144.839996,23.1
332,79.149135,148.080002,23.540001
333,79.48933,147.490005,23.459999
334,77.166275,144.860001,22.860001
335,76.690002,146.990005,23.02
336,76.437283,147.020004,23.290001
337,76.583083,147.679993,23.18
338,75.951288,145.25,23.1
339,78.768646,147.320007,23.120001
340,78.504522,147.580002,22.889999
341,76.909978,146.100006,22.98
342,74.943694,145.039993,22.83
343,73.045888,147.399994,22.57
344,70.433963,145.800003,21.76
345,72.507855,145.520004,21.950001
346,69.915492,142.660004,21.4
347,72.81111,146.399994,22.280001
348,72.674156,143.380005,21.620001
349,72.967626,143.770004,21.51
350,74.532831,143.449997,21.879999
351,72.370901,142.479996,21.610001
352,71.382866,143.119995,21.530001
353,74.170876,142.779999,21.709999
354,77.584965,145.559998,21.98
355,76.675192,142.5,21.440001
356,78.524083,146.940002,21.98
357,76.665415,146.479996,21.77
358,76.098029,148.419998,21.780001
359,77.359971,149.960007,21.93
360,75.618689,146.940002,20.860001
361,75.892597,147.5,21.16
362,73.799144,145.070007,20.91
363,73.750228,144.979996,21.02
364,73.848052,142.550003,21.040001
365,73.701313,141.690002,21.33
366,73.16328,140.509995,21.1
367,71.030696,141.369995,20.879999
368,68.702465,139.009995,20.6
369,64.241642,133.160004,18.969999
370,65.259023,134.770004,19.389999
371,61.629718,130.830002,18.969999
372,62.34384,132.220001,18.91
373,59.164529,127.540001,17.889999
374,60.690599,128.800003,17.889999
375,62.607967,131.080002,18.969999
376,62.735137,134.539993,18.93
377,61.336244,133.789993,18.68
378,63.057961,131.410004,19.02
379,60.53408,130.119995,18.209999
380,59.800392,133.389999,18.42
381,60.631903,133.660004,18.57
382,59.379745,133.690002,18.48
383,66.403573,138.029999,19.49
384,64.809029,137.960007,19.209999
385,63.234046,139.380005,19.280001
386,67.508999,139.440002,19.33
387,65.904671,137.720001,18.66
388,65.689455,138.520004,18.719999
389,68.800288,139.559998,18.879999
390,72.028507,141.270004,19.77
391,72.68394,141.740005,19.77
392,70.169839,141.539993,19.469999
393,70.160055,141.460007,19.5
394,71.715468,139.759995,19.32
395,71.774168,140.970001,19.139999
396,71.314389,140.600006,19.030001
397,72.654586,140.490005,19.139999
398,71.069827,140.779999,18.969999
399,69.044851,141.550003,19.120001
400,69.719838,142.009995,19.01
401,65.288369,139.679993,18.83
402,64.769898,140.520004,18.83
403,68.87855,145.25,19.6
404,71.558952,146.649994,19.76
405,73.036111,146.389999,20.620001
406,72.948064,146.610001,20.709999
407,75.246949,147.259995,21.09
408,77.565403,149.009995,22.15
409,78.504522,149.320007,22.34
410,76.48933,147.429993,22.34
411,78.631691,148.559998,22.190001
412,75.775205,148.660004,22.139999
413,76.919755,150.639999,22.27
414,79.189293,150.360001,23.15
415,79.336032,151.369995,23.459999
416,77.066494,149.270004,23.59
417,76.381722,150.229996,23.43
418,77.604534,148.75,23.0
419,76.323022,148.619995,22.6
420,77.340402,150.300003,23.389999
421,78.289306,146.440002,22.690001
422,76.17629,145.220001,22.379999
423,76.205637,146.130005,22.969999
424,74.738263,145.0,22.84
425,71.83286,143.960007,22.129999
426,71.930684,144.149994,22.290001
427,68.399203,140.759995,21.059999
428,69.983969,141.820007,21.42
429,70.208963,140.270004,20.940001
430,71.999161,139.059998,20.959999
431,77.46758,143.660004,22.309999
432,75.188256,142.949997,22.200001
433,71.783945,139.839996,21.0
434,70.883957,139.0,20.780001
435,69.983969,139.559998,20.889999
436,71.060042,139.559998,20.98
437,70.541571,137.990005,20.92
438,70.169839,138.869995,20.959999
439,69.974185,137.320007,20.9
440,68.947027,135.619995,20.41
441,68.545941,135.990005,20.92
442,67.606823,134.339996,20.92
443,68.203556,135.800003,20.93
444,69.67093,137.149994,21.530001
445,67.939424,137.110001,21.49
446,67.597038,135.059998,21.049999
447,67.381822,135.529999,20.83
448,66.726397,134.080002,20.52
449,68.448118,134.699997,20.5
450,70.492656,135.350006,20.559999
451,67.958993,136.559998,20.5
452,70.50244,140.550003,21.049999
453,70.169839,140.529999,21.110001
454,71.118735,140.5,21.41
455,73.916529,141.720001,21.870001
456,71.421997,140.380005,21.75
457,73.994791,141.910004,21.870001
458,75.061087,142.199997,21.709999
459,76.479545,143.699997,21.68
460,74.356746,142.789993,21.690001
461,75.41325,144.029999,21.879999
462,72.292639,141.639999,21.1
463,69.925277,142.110001,21.08
464,72.048076,141.960007,20.85
465,71.920899,141.740005,20.9
466,72.644809,143.020004,21.0
467,75.559989,142.210007,20.83
468,75.012171,140.990005,20.690001
469,74.151314,139.899994,20.6
470,71.490475,139.960007,20.0
471,70.326355,140.190002,19.780001
472,71.901338,141.350006,20.049999
473,71.686121,140.660004,20.0
474,71.285043,137.860001,19.67
475,72.615463,138.570007,19.610001
476,69.905708,136.169998,19.139999
477,69.123113,136.130005,19.24
478,68.497026,135.229996,19.129999
479,67.704646,135.25,19.27
480,66.569881,134.259995,19.129999
481,67.479653,132.139999,18.959999
482,69.211151,133.479996,19.24
483,65.826409,131.020004,18.459999
484,64.16338,132.729996,18.42
485,65.904671,134.050003,19.0
486,64.222081,133.139999,18.690001
487,64.016649,132.820007,18.76
488,64.231865,134.399994,19.120001
489,66.481834,135.869995,19.66
490,63.879695,135.259995,19.549999
491,62.422101,132.949997,18.809999
492,62.686229,132.940002,18.950001
493,62.950353,132.940002,19.219999
494,62.490578,131.830002,19.139999
495,61.972104,130.779999,19.09
496,61.502544,128.809998,18.49
497,59.86887,130.240005,18.620001
498,60.426471,129.759995,18.719999
499,61.385156,130.320007,18.76
500,61.199289,132.449997,19.02
501,61.590587,134.479996,19.27
502,60.279733,132.820007,18.85
503,61.443852,133.889999,18.709999
504,63.820995,137.020004,19.23
505,62.0308,137.910004,19.42
506,60.54386,138.520004,19.42
507,60.788423,137.979996,19.129999
508,59.917781,138.289993,18.83
509,58.000413,138.360001,18.84
510,60.230821,140.240005,19.379999
511,62.314493,140.779999,19.68
512,61.473198,139.380005,19.42
513,60.925377,139.380005,19.4
514,62.578621,139.449997,19.35
515,63.899256,141.679993,19.51
516,66.520965,141.75,19.17
517,66.061187,142.050003,19.030001
518,67.900301,142.130005,19.26
519,68.585072,139.229996,19.16
520,66.315534,137.639999,18.889999
521,66.550312,137.690002,18.85
522,69.00572,137.929993,19.02
523,66.863351,134.770004,18.49
524,67.401391,134.270004,18.450001
525,70.091577,135.080002,18.610001
526,69.426368,134.149994,18.75
527,70.042662,134.820007,19.07
528,69.201367,134.429993,19.17
529,71.421997,135.020004,19.27
530,72.908933,135.320007,19.290001
531,75.403473,135.339996,19.450001
532,74.14153,137.330002,19.43
533,76.606715,138.149994,19.74
534,77.917573,139.5,20.65
535,78.621914,138.830002,21.129999
536,77.487141,138.160004,20.629999
537,79.003431,138.449997,21.0
538,79.15017,139.5,20.969999
539,79.365378,140.309998,21.18
540,78.661045,140.580002,21.02
541,78.700169,139.5,20.42
542,78.240398,141.649994,20.459999
543,77.320841,141.009995,20.35
544,80.627321,142.240005,20.620001
545,79.482771,142.779999,20.370001
546,82.466435,144.160004,20.360001
547,82.857729,144.649994,20.66
548,80.069719,144.509995,20.08
549,79.482771,144.020004,20.01
550,79.697987,142.720001,20.040001
551,81.115367,143.899994,20.469999
552,81.056305,144.029999,20.360001
553,82.34573,143.240005,20.620001
554,80.603532,142.789993,20.33
555,79.491287,142.380005,20.01
556,77.443961,141.139999,19.790001
557,78.231396,139.630005,19.52
558,78.497152,139.960007,19.52
559,74.963553,139.050003,19.209999
560,76.361243,138.669998,19.219999
561,74.28439,137.169998,19.02
562,74.117063,136.520004,19.0
563,74.540308,137.220001,19.059999
564,73.821773,138.119995,19.040001
565,74.018628,139.050003,19.059999
566,75.308053,140.169998,19.190001
567,75.189936,140.699997,19.059999
568,75.534436,141.300003,19.16
569,75.928153,139.309998,19.129999
570,78.930242,140.330002,19.23
571,77.365216,140.740005,19.110001
572,76.499043,141.820007,19.27
573,76.095481,141.789993,19.190001
574,78.644797,142.860001,19.209999
575,77.532544,140.550003,18.879999
576,77.768779,140.020004,18.879999
577,77.463644,137.559998,18.879999
578,76.686061,136.660004,18.67
579,76.863226,136.660004,18.709999
580,78.300297,136.919998,18.690001
581,76.587626,137.740005,18.92
582,77.808151,138.559998,18.940001
583,78.005006,138.300003,18.85
584,79.717669,139.259995,18.76
585,78.812124,138.910004,18.459999
586,77.562079,138.839996,18.35
587,78.644797,140.070007,18.690001
588,79.668459,141.179993,18.84
589,79.461759,141.649994,18.799999
590,77.503016,139.479996,18.57
591,75.800198,139.919998,18.440001
592,75.288363,139.240005,18.42
593,76.282498,140.009995,18.780001
594,75.475381,141.639999,18.77
595,76.036426,144.479996,19.0
596,75.337581,142.679993,18.74
597,74.756845,142.559998,18.610001
598,74.85528,143.0,18.629999
599,74.235173,143.100006,18.65
600,74.471408,143.440002,18.639999
601,74.76669,145.100006,18.73
602,74.2647,143.639999,18.66
603,73.07371,142.660004,18.360001
604,72.492982,141.559998,18.280001
605,73.654445,141.979996,18.299999
606,72.768582,141.399994,18.08
607,72.266592,139.809998,18.02
608,71.97131,139.339996,18.1
609,71.794137,139.979996,18.059999
610,73.083555,140.800003,18.26
611,72.237065,141.309998,18.280001
612,72.217382,141.360001,18.32
613,72.876855,144.139999,18.459999
614,74.274545,144.410004,18.459999
615,76.075798,140.580002,18.76
616,76.292343,139.389999,18.92
617,77.089616,139.649994,18.85
618,77.119144,140.259995,18.940001
619,77.808151,141.179993,19.049999
620,81.095677,143.479996,19.92
621,80.957877,141.759995,20.030001
622,83.290648,141.740005,20.049999
623,81.54845,142.820007,20.08
624,81.54845,143.190002,20.190001
625,81.873268,142.919998,20.24
626,82.03075,143.759995,20.17
627,83.270958,144.630005,20.25
628,83.261113,146.839996,20.209999
629,84.186348,146.720001,20.299999
630,84.954094,146.199997,20.290001
631,83.979648,145.550003,20.17
632,84.845821,145.5,20.209999
633,86.794719,146.669998,20.27
634,85.672629,147.089996,20.52
635,87.936492,147.119995,20.57
636,85.387184,145.179993,20.1
637,83.950121,144.220001,19.879999
638,86.017129,144.270004,19.91
639,86.292729,146.199997,20.290001
640,86.056501,145.059998,20.02
641,86.233674,144.860001,20.1
642,85.899011,144.669998,20.1
643,84.963939,144.330002,20.08
644,84.432421,142.830002,19.58
645,85.997446,143.619995,19.870001
646,87.158909,145.0,19.809999
647,86.341946,143.940002,19.780001
648,85.879329,143.759995,19.780001
649,84.786766,142.009995,19.58
650,84.511166,142.279999,19.52
651,83.871376,142.449997,19.4
652,84.068238,141.339996,19.049999
653,84.944256,142.240005,19.23
654,83.812321,143.630005,19.17
655,83.467821,143.550003,19.190001
656,84.146976,143.119995,19.23
657,84.383211,142.919998,19.17
658,83.871376,142.619995,19.040001
659,83.674521,142.460007,19.1
660,83.270958,141.690002,18.860001
661,83.261113,140.5,18.870001
662,82.296513,139.919998,18.700001
663,81.98154,138.690002,18.719999
664,80.259032,138.119995,18.690001
665,79.816097,138.350006,18.690001
666,79.422387,137.850006,18.6
667,80.44605,137.869995,18.629999
668,81.06615,137.860001,18.66
669,81.725623,138.699997,18.74
670,82.82803,138.5,18.709999
671,80.672432,137.179993,18.41
672,79.99327,137.399994,18.43
673,77.562079,136.639999,18.32
674,77.050244,137.179993,18.42
675,74.78638,136.050003,18.26
676,75.514753,135.0,18.309999
677,74.914335,134.410004,18.24
678,75.445853,133.369995,17.959999
679,74.205645,133.179993,17.889999
680,74.205645,132.470001,17.92
681,73.634755,132.940002,17.950001
682,71.90241,131.490005,17.77
683,71.420102,131.050003,17.77
684,69.343249,130.039993,17.190001
685,68.339276,129.089996,17.08
686,70.219267,129.479996,17.07
687,68.870794,128.149994,16.99
688,68.388493,127.839996,16.83
689,67.177813,126.550003,16.9
690,67.079386,127.230003,16.780001
691,66.528178,126.290001,16.35
692,66.10494,124.779999,16.48
693,66.528178,123.150002,16.41
694,64.66787,119.110001,16.120001
695,66.17384,120.889999,16.6
696,64.785987,122.349998,16.48
697,68.605031,124.529999,16.68
698,67.610903,123.709999,16.620001
699,65.25845,122.629997,16.639999
700,67.640431,122.709999,16.73
701,68.014458,123.120003,16.68
702,68.959376,122.459999,16.709999
703,68.122731,121.519997,16.67
704,65.87855,122.309998,16.58
705,67.473103,123.239998,16.73
706,67.414041,124.440002,16.809999
707,65.386405,122.769997,16.459999
708,65.494678,122.099998,16.5
709,63.673742,121.540001,16.5
710,62.305575,121.980003,16.42
711,63.919815,123.010002,16.49
712,62.276048,122.449997,16.379999
713,58.821187,120.82,15.82
714,57.295538,120.129997,15.5
715,59.835008,120.279999,15.48
716,58.811346,118.739998,15.36
717,58.230614,116.959999,14.66
718,63.594997,116.099998,14.82
719,66.272268,118.25,15.1
720,62.866621,116.269997,14.92
721,65.022215,117.129997,15.11
722,64.904105,116.610001,15.03
723,63.949342,116.089996,14.97
724,67.669958,117.809998,15.63
725,67.925876,116.620003,15.5
726,69.234976,117.199997,15.55
727,66.538023,115.690002,15.48
728,67.689641,117.75,15.6
729,68.211321,119.199997,15.79
730,68.319593,117.029999,15.78
731,70.061784,119.010002,15.98
732,69.333411,119.139999,15.87
733,63.663897,116.470001,14.83
734,67.738858,120.309998,15.78
735,64.54976,118.110001,15.75
736,66.351013,119.010002,15.73
737,65.30766,120.120003,15.77
738,63.831225,118.800003,15.61
739,65.415933,119.940002,15.71
740,66.823468,120.949997,16.32
741,65.622633,120.559998,16.370001
742,64.313525,120.220001,16.33
743,63.437507,119.290001,16.299999
744,60.238567,117.220001,15.47
745,60.809454,116.18,15.08
746,65.406088,115.75,15.1
747,67.354986,116.360001,15.25
748,66.469123,116.099998,15.39
749,62.797721,114.349998,14.99
750,62.925679,115.730003,15.04
751,64.067452,115.580002,15.09
752,65.219077,117.900002,15.35
753,64.53007,116.449997,15.11
754,66.843158,117.900002,15.58
755,66.351013,117.050003,15.06
756,67.876658,116.57,15.11
757,69.490894,117.599998,15.5
758,71.803975,118.540001,15.83
759,70.760629,118.32,15.85
760,70.485029,118.110001,15.64
761,73.73319,119.300003,15.77
762,76.105326,120.400002,15.87
763,72.965437,120.099998,16.290001
764,73.959573,119.360001,16.129999
765,77.778616,121.949997,16.15
766,79.629087,122.800003,16.950001
767,82.32604,124.360001,17.18
768,82.55243,123.559998,17.370001
769,80.948032,124.699997,17.610001
770,79.373169,122.779999,17.51
771,81.676413,121.309998,17.129999
772,83.566248,122.690002,17.33
773,82.089813,121.879997,17.23
774,81.75515,118.489998,16.24
775,83.920593,120.400002,16.540001
776,83.467821,119.129997,16.469999
777,82.296513,119.800003,16.549999
778,82.46384,120.339996,16.629999
779,83.792631,121.779999,16.58
780,79.904687,118.790001,16.030001
781,80.967722,118.209999,16.32
782,77.995161,117.110001,16.190001
783,76.932134,115.760002,16.08
784,77.365216,116.309998,16.15
785,77.069934,117.010002,16.540001
786,75.288363,114.239998,15.83
787,77.060089,113.989998,15.75
788,75.691926,113.589996,15.7
789,74.914335,112.940002,15.54
790,74.845435,112.940002,15.63
791,75.514753,112.989998,15.56
792,77.493179,113.580002,15.83
793,77.758934,114.099998,15.84
794,77.945951,115.199997,15.87
795,76.646689,115.110001,15.66
796,75.189936,114.989998,15.58
797,72.552037,114.57,15.49
798,72.36502,114.330002,15.53
799,68.162103,112.349998,15.19
800,67.453413,111.389999,15.1
801,66.10494,109.540001,15.02
802,68.408176,108.400002,14.84
803,68.537249,108.209999,14.92
804,67.802534,108.25,14.9
805,68.259249,107.360001,14.99
806,68.140103,106.120003,14.9
807,70.205257,108.300003,15.36
808,70.076188,108.849998,15.44
809,71.664766,110.290001,16.0
810,72.856197,111.260002,16.299999
811,72.071835,110.449997,16.280001
812,71.198119,110.860001,16.24
813,70.503119,111.75,16.299999
814,70.453473,110.43,16.219999
815,70.403834,108.639999,15.98
816,68.775534,110.709999,15.93
817,70.99955,112.760002,16.23
818,70.423688,111.790001,16.02
819,71.545619,114.110001,16.27
820,70.274758,113.830002,16.15
821,69.778327,113.080002,15.81
822,69.262042,112.029999,15.51
823,70.681834,113.800003,15.77
824,70.701688,111.660004,15.6
825,72.091696,111.690002,15.51
826,73.888774,112.629997,15.63
827,74.831997,112.32,15.57
828,74.117135,113.589996,15.56
829,74.851851,111.279999,15.29
830,74.802205,111.330002,15.32
831,73.670343,109.440002,15.11
832,75.546851,110.190002,15.21
833,74.017851,108.870003,15.06
834,73.710058,111.349998,15.66
835,76.837575,112.129997,15.87
836,77.403506,111.75,15.81
837,75.626282,110.559998,15.43
838,75.248997,109.639999,15.47
839,75.606428,111.110001,15.7
840,74.524205,110.870003,15.81
841,73.461843,110.709999,15.77
842,73.213628,109.400002,15.6
843,72.826412,110.5,15.76
844,72.895912,109.18,15.57
845,73.471774,109.57,15.81
846,75.894359,111.150002,16.35
847,76.043282,112.290001,16.65
848,75.626282,113.059998,16.75
849,75.804997,113.790001,16.889999
850,73.243412,111.389999,16.379999
851,73.600843,111.910004,16.370001
852,73.422128,111.669998,16.389999
853,73.044843,110.839996,16.34
854,70.453473,109.080002,16.02
855,71.059119,108.379997,15.96
856,71.654835,108.010002,15.97
857,71.714412,107.660004,15.99
858,71.734266,106.910004,16.0
859,72.617912,107.959999,16.07
860,70.93005,106.919998,15.83
861,70.493188,106.599998,15.48
862,69.391111,106.089996,15.39
863,70.195327,106.769997,15.32
864,70.076188,107.260002,15.29
865,71.90305,108.0,15.32
866,71.724335,107.330002,15.33
867,70.959835,105.959999,15.25
868,70.99955,105.309998,15.4
869,69.917327,104.510002,15.32
870,70.771188,104.839996,15.45
871,71.644912,104.760002,15.46
872,69.818042,105.120003,15.42
873,69.58968,102.879997,15.49
874,69.083326,103.309998,15.14
875,69.996757,104.010002,15.19
876,69.24218,104.82,15.17
877,68.418111,104.559998,15.11
878,68.19968,104.400002,15.03
879,66.472095,104.199997,15.03
880,64.565802,104.699997,14.9
881,66.074956,104.739998,14.95
882,66.521741,102.699997,14.99
883,63.692086,100.610001,14.43
884,63.71194,99.709999,14.46
885,63.950233,99.0,14.76
886,63.702017,99.690002,14.88
887,64.615448,100.050003,14.81
888,64.178587,99.290001,14.7
889,63.076509,98.949997,14.43
890,63.026867,97.839996,14.35
891,61.43829,96.660004,14.23
892,58.141989,94.349998,14.05
893,59.462493,94.489998,14.14
894,59.800066,94.610001,14.14
895,57.893773,94.339996,14.0
896,60.018497,95.349998,14.02
897,57.178912,95.239998,13.92
898,58.558989,95.339996,14.02
899,60.107855,95.510002,14.15
900,58.598704,95.379997,14.09
901,59.939066,95.150002,14.08
902,58.002985,93.190002,13.87
903,58.201558,92.370003,13.92
904,58.688062,91.75,13.95
905,59.621351,92.040001,13.99
906,59.829851,92.860001,14.11
907,61.458147,95.379997,14.54
908,61.805648,95.57,14.64
909,64.784233,96.589996,14.82
910,61.50779,95.809998,14.71
911,61.57729,95.860001,14.55
912,62.421221,96.5,14.63
913,61.964505,96.330002,14.21
914,62.738936,98.129997,14.57
915,66.184172,99.589996,14.78
916,65.280664,98.870003,14.61
917,62.004221,95.589996,14.13
918,61.388647,94.440002,13.99
919,58.330631,94.779999,13.56
920,60.296497,96.739998,13.8
921,60.802859,98.639999,13.92
922,59.859639,97.650002,13.99
923,58.886635,96.669998,13.94
924,58.767489,98.040001,14.02
925,58.141989,97.099998,14.02
926,56.742054,96.0,13.92
927,56.563338,97.059998,14.12
928,55.888192,94.660004,13.93
929,56.086765,94.550003,13.99
930,57.427127,93.82,13.95
931,55.123688,92.379997,13.79
932,55.153473,93.089996,13.77
933,58.310773,93.889999,14.22
934,58.856847,94.900002,14.42
935,60.008566,94.690002,14.47
936,58.410062,93.559998,14.49
937,56.483908,90.529999,14.14
938,56.344908,90.099998,14.12
939,60.365997,92.150002,14.44
940,59.164635,91.400002,14.4
941,57.387412,88.690002,13.94
942,57.307985,88.529999,13.97
943,58.668204,87.860001,13.87
944,58.310773,87.360001,13.9
945,62.897794,87.940002,14.55
946,63.453798,88.25,14.89
947,64.277871,90.18,15.07
948,65.151595,91.360001,15.29
949,65.082095,91.809998,14.99
950,67.375603,94.699997,15.12
951,66.253672,96.010002,15.13
952,66.263595,95.410004,15.16
953,69.460611,96.529999,15.42
954,69.252111,96.959999,15.39
955,68.795396,98.110001,15.28
956,67.742964,97.68,15.11
957,69.728688,98.480003,15.19
958,68.646465,96.910004,14.99
959,68.735826,97.519997,15.11
960,70.681834,96.650002,15.12
961,68.348603,96.290001,15.11
962,68.666326,95.190002,15.13
963,68.835111,96.510002,15.26
964,66.521741,95.730003,14.88
965,66.392672,94.959999,14.8
966,66.194095,94.360001,14.72
967,65.657949,93.129997,14.58
968,64.456587,92.150002,14.38
969,62.014148,91.709999,14.3
970,59.313566,90.75,14.08
971,60.504997,88.269997,13.89
972,59.19442,86.889999,13.76
973,59.819924,85.080002,13.64
974,59.512135,84.790001,13.64
975,59.651139,82.989998,13.59
976,60.554643,83.629997,13.6
977,58.975993,82.309998,13.55
978,61.011359,81.809998,13.52
979,61.061001,82.610001,13.62
980,59.392993,82.449997,13.5
981,59.095135,81.639999,13.45
982,61.070928,81.160004,13.51
983,59.948997,81.199997,13.52
984,59.750424,80.739998,13.46
985,60.167424,80.120003,13.44
986,62.997082,80.910004,13.51
987,62.262363,80.25,13.37
988,62.580079,81.730003,13.46
989,64.714733,85.010002,13.87
990,62.222648,82.209999,13.62
991,60.902143,81.610001,13.51
992,62.451009,82.839996,13.49
993,62.202794,82.519997,13.45
994,61.954578,81.239998,13.3
995,59.621351,81.919998,13.06
996,59.919209,82.589996,13.11
997,61.746074,84.260002,13.49
998,58.817135,81.290001,13.08
999,59.095135,82.93,13.43
1000,59.651139,84.110001,13.59
1001,60.435497,83.940002,13.59
1002,62.411294,83.790001,13.62
1003,62.729009,85.129997,13.69
1004,61.636863,85.110001,13.29
1005,61.954578,85.620003,13.27
1006,61.607074,83.760002,13.21
1007,61.487932,85.830002,13.19
1008,62.034005,85.290001,13.19
1009,62.133294,85.709999,13.31
1010,62.629725,84.849998,13.36
1011,65.270733,84.82,13.62
1012,63.324725,85.0,13.3
1013,62.232578,81.589996,13.22
1014,60.554643,80.629997,13.17
1015,61.279432,81.889999,13.49
1016,60.594355,80.559998,13.19
1017,61.676574,79.970001,13.24
1018,60.445428,79.989998,13.36
1019,62.87794,79.410004,13.48
1020,64.655164,79.129997,13.46
1021,65.201233,80.199997,13.38
1022,65.141664,82.709999,13.58
1023,68.47768,84.610001,13.82
1024,68.626611,84.940002,13.81
1025,68.993965,83.480003,13.57
1026,70.215188,83.970001,13.59
1027,72.051981,83.919998,13.67
1028,72.012266,82.540001,13.62
1029,74.663205,84.940002,13.95
1030,76.25179,87.260002,14.17
1031,77.741083,87.919998,14.34
1032,84.5124,89.199997,14.59
1033,83.450038,89.849998,14.51
1034,84.055684,90.190002,14.55
1035,87.232839,92.540001,14.95
1036,89.635563,92.150002,14.99
1037,83.807469,89.75,14.51
1038,86.527908,90.860001,14.54
1039,89.615709,91.120003,14.76
1040,90.201494,90.839996,14.64
1041,90.191563,89.32,14.43
1042,91.114925,90.879997,14.54
1043,90.380209,90.589996,14.52
1044,89.883778,89.339996,14.41
1045,88.741986,88.019997,14.02
1046,90.59864,90.290001,14.2
1047,87.133554,90.489998,14.17
1048,87.977485,90.339996,14.25
1049,89.278132,91.489998,14.5
1050,90.360355,94.5,14.76
1051,90.59864,96.389999,14.9
1052,88.106555,94.739998,14.62
1053,88.692347,93.959999,14.53
1054,91.005717,94.220001,14.82
1055,89.486632,92.709999,14.72
1056,87.45127,92.160004,14.58
1057,89.119278,92.160004,14.54
1058,91.800002,94.190002,14.87
1059,93.550003,94.889999,15.16
1060,93.459999,93.589996,15.03
1061,92.099998,94.690002,15.06
1062,92.75,95.690002,15.12
1063,88.5,92.260002,14.51
1064,90.099998,91.459999,14.43
1065,89.809998,91.080002,14.46
1066,93.099998,93.290001,14.6
1067,90.940002,92.900002,14.49
1068,90.809998,94.040001,14.68
1069,90.540001,92.260002,14.34
1070,88.190002,90.690002,14.2
1071,90.040001,91.5,14.42
1072,90.239998,91.190002,14.34
1073,92.43,92.040001,14.48
1074,94.07,93.139999,14.62
1075,96.239998,95.139999,15.14
1076,97.970001,96.389999,15.41
1077,94.599998,96.230003,15.44
1078,92.220001,95.279999,15.34
1079,94.529999,94.709999,15.46
1080,93.050003,94.059998,15.42
1081,96.360001,97.599998,16.120001
1082,92.790001,98.190002,16.139999
1083,94.120003,98.620003,16.209999
1084,93.269997,97.389999,16.139999
1085,91.400002,97.779999,16.17
1086,92.599998,97.260002,16.290001
1087,93.309998,98.790001,16.379999
1088,95.190002,101.25,16.77
1089,100.5,103.650002,16.98
1090,99.68,103.980003,16.639999
1091,95.660004,102.309998,16.57
1092,85.290001,101.660004,16.49
1093,84.730003,102.209999,16.51
1094,89.449997,103.940002,16.629999
1095,85.360001,100.410004,16.120001
1096,87.400002,101.290001,16.280001
1097,89.889999,102.669998,16.559999
1098,88.790001,101.019997,16.219999
1099,88.339996,101.190002,16.280001
1100,90.989998,101.099998,16.32
1101,91.779999,101.370003,16.41
1102,87.57,98.760002,16.0
1103,88.32,97.459999,15.67
1104,89.32,98.440002,15.69
1105,88.120003,97.540001,15.59
1106,84.809998,96.43,15.42
1107,85.970001,95.459999,15.5
1108,86.099998,95.550003,15.53
1109,83.510002,94.0,15.39
1110,84.309998,94.089996,15.19
1111,84.690002,93.470001,15.17
1112,84.860001,92.099998,15.22
1113,92.019997,94.519997,15.61
1114,92.129997,95.839996,15.68
1115,90.709999,96.370003,15.6
1116,94.82,97.339996,16.209999
1117,96.120003,96.68,16.469999
1118,94.730003,95.519997,16.49
1119,94.660004,95.290001,16.58
1120,92.300003,93.849998,16.540001
1121,95.870003,94.080002,16.690001
1122,94.559998,93.330002,16.309999
1123,94.870003,93.389999,16.6
1124,95.629997,94.93,16.65
1125,94.120003,94.050003,16.379999
1126,95.269997,94.040001,16.42
1127,94.900002,92.779999,16.49
1128,101.169998,94.529999,16.889999
1129,106.900002,94.120003,16.870001
1130,105.519997,94.029999,16.91
1131,107.660004,96.900002,17.370001
1132,112.040001,98.919998,17.860001
1133,117.610001,101.940002,18.74
1134,122.470001,103.330002,18.98
1135,125.410004,104.510002,19.1
1136,119.080002,104.830002,18.709999
1137,122.32,105.800003,19.219999
1138,123.589996,105.959999,19.299999
1139,118.150002,104.709999,19.09
1140,120.300003,105.440002,19.389999
1141,118.900002,105.879997,19.25
1142,117.099998,104.5,19.08
1143,118.059998,105.510002,19.1
1144,117.169998,104.980003,18.92
1145,113.029999,104.110001,18.42
1146,115.209999,106.0,18.879999
1147,115.870003,103.959999,18.67
1148,111.949997,104.0,18.540001
1149,113.699997,104.980003,18.66
1150,115.800003,109.279999,19.370001
1151,116.519997,109.239998,19.209999
1152,117.610001,110.120003,19.35
1153,118.900002,111.230003,19.43
1154,119.830002,112.230003,19.6
1155,118.879997,111.900002,19.379999
1156,113.239998,111.43,19.35
1157,109.489998,110.089996,18.709999
1158,109.129997,110.580002,18.74
1159,110.489998,111.050003,18.870001
1160,111.099998,113.300003,19.16
1161,110.610001,109.43,18.959999
1162,109.110001,108.010002,18.719999
1163,109.230003,106.889999,18.83
1164,111.110001,107.440002,18.82
1165,109.330002,107.309998,18.68
1166,110.120003,108.699997,18.77
1167,108.599998,107.160004,18.35
1168,105.809998,105.910004,17.969999
1169,104.970001,106.139999,17.93
